Product Names,Product Prices,Product Rates,Product links
"Apple 2023 MacBook Pro laptop with Apple M2 Pro chip with 12‑core CPU and 19‑core GPU: 16.2-inch Liquid Retina XDR display, 16GB, 512GB SSD storage. Works with iPhone/iPad; Space Grey; English  ","8,581.",5.0 out of 5 stars,https://www.amazon.ae/Apple-MacBook-laptop-12%E2%80%91core-19%E2%80%91core/dp/B0BSHDRY82
Lenovo ThinkPad 11E Renewed Business Laptop | Intel Celeron CPU | 4GB RAM | 128GB SSD | 11.6 inch Display | Windows 10 Professional | RENEWED✔️  ,325.,4.0 out of 5 stars,https://www.amazon.ae/Lenovo-ThinkPad-Business-Professional-RENEWED%E2%9C%94%EF%B8%8F/dp/B014LQS88O
"Apple 2022 MacBook Air laptop with M2 chip: 13.6-inch Liquid Retina display, 8GB RAM, 512GB SSD storage, 1080p FaceTime HD camera. Works with iPhone and iPad; Starlight; English  ","5,293.",4.7 out of 5 stars,https://www.amazon.ae/Apple-2022-MacBook-laptop-M2/dp/B0B3C9T6BS
"HP EliteBook 840 G3 Business Laptop, Intel Core i5-6300U CPU, 16GB DDR4 RAM, 256GB SSD Hard, 14.1 inch Touchscreen Display, Windows 10 Pro (Renewed) with 15 Days of IT-SIZER Golden Warranty  ",660.,2.9 out of 5 stars,https://www.amazon.ae/HP-EliteBook-Business-i5-6300U-Touchscreen/dp/B09JM3GL7G
"HP 11 G5 Chromebook, 11.6"" HD Touch, Intel Celeron N3060, 4GB Ram, 16GB Storage, Webcam, Chrome OS (Renewed)  ",110.,3.0 out of 5 stars,https://www.amazon.ae/Chromebook-Celeron-Storage-Webcam-Renewed/dp/B07BX6CGV1
"Apple 2022 MacBook Air laptop with M2 chip: 13.6-inch Liquid Retina display, 8GB RAM, 512GB SSD storage, 1080p FaceTime HD camera. Works with iPhone and iPad; Silver; Arabic/English  ","6,173.",4.7 out of 5 stars,https://www.amazon.ae/Apple-2022-MacBook-laptop-M2/dp/B0B3C3LPW8
"Apple 2022 MacBook Air laptop with M2 chip: 13.6-inch Liquid Retina display, 8GB RAM, 256GB SSD storage, 1080p FaceTime HD camera. Works with iPhone and iPad; Starlight; Arabic/English  ","4,479.",4.7 out of 5 stars,https://www.amazon.ae/Apple-2022-MacBook-laptop-M2/dp/B0B3BJV42L
Dell Latitude 5290 Renewed Business Notebook Laptop | Intel Core i5-8th Generation CPU | 8GB DDR4 RAM | 256GB SSD | 12.5 inch Display | Windows 10 Pro | 15 Days of IT-SIZER Golden Warranty (Renewed)  ,956.,4.5 out of 5 stars,https://www.amazon.ae/Dell-Latitude-Business-Notebook-Generation/dp/B09K5N7V9M
"Dell- 2021Inspiron 3000 Series 3501 Laptop, 15.6 Full Hd Screen, 11Th Gen Intel Core I5-1135G7, 16Gb Ddr4 Memory, 512Gb Pcie Ssd, Webcam, Hdmi, Wi-Fi, Windows 10 Home, Black (Renewed)  ","1,800.",4.1 out of 5 stars,https://www.amazon.ae/2021Inspiron-Laptop-I5-1135G7-Windows-Renewed/dp/B092X4T3M8
"Acer Aspire 5 A515-46-R3UB | 15.6"" Full HD IPS Display | AMD Ryzen 3 3350U Quad-Core Mobile Processor | 4GB DDR4 | 128GB NVMe SSD | WiFi 6 | Backlit KB | FPR | Amazon Alexa | Windows 11 Home in S mode  ","1,567.",4.5 out of 5 stars,https://www.amazon.ae/Acer-A515-46-R3UB-Display-Quad-Core-Processor/dp/B09HVC79PC
"Lenovo ThinkPad T460s Laptop, Intel Core i7-6600U CPU, 8GB DDR4 SODIMM RAM, 256GB SSD M.2 Hard, 14 inch Display, Windows 10 Pro (Renewed) with 15 Days of IT-Sizer Golden Warranty  ",469.,2.7 out of 5 stars,https://www.amazon.ae/Lenovo-ThinkPad-i7-6600U-Display-Warranty/dp/B09GNFQX2R
HP 15-dy1751ms Intel i5-1035G1 8GB DDR4 Memory 512GB SSD 15.6 Touch Screen  ,"1,877.",4.4 out of 5 stars,https://www.amazon.ae/HP-15-dy1751ms-i5-1035G1-Memory-Screen/dp/B07ZWDTMKC
Dell inspiron 3511 Renewed Business Laptop | intel Core i5-1035G1 Processor | 16GB RAM | 1TB Solid State Drive (SSD) | 15.6 inch Display | Windows 10 Professional | Platinum Silver | RENEWED  ,"1,459.",4.6 out of 5 stars,https://www.amazon.ae/Dell-inspiron-i5-1035G1-Processor-Professional/dp/B0B57Q8WZG
"HP EliteBook 820 G3 Business Laptop, Intel Core i5-6th Generation CPU, 8GB DDR4 RAM, 500GB SATA Hard, 12.5 inch Touchscreen Display, Windows 10 Pro (Renewed)  ",500.,5.0 out of 5 stars,https://www.amazon.ae/HP-EliteBook-Business-Generation-Touchscreen/dp/B09KM1B15M
"HP EliteBook 840 G3 Business Laptop, Intel Core i7-6600U CPU, 8GB DDR4 RAM, 256GB SSD Hard, 14.1 inch Display, Windows 10 (Renewed) with 15 Days of IT-SIZER Golden Warranty  ",693.,2.6 out of 5 stars,https://www.amazon.ae/HP-EliteBook-Business-i7-6600U-Warranty/dp/B09JCNGM8Q
"Acer Aspire 5 A515-56-36UT, 15.6"" Full HD Display, 11th Gen Intel Core i3-1115G4 Processor, 4GB DDR4, 128GB NVMe SSD, WiFi 6, Windows 10 Home (S mode)  ","1,603.",4.3 out of 5 stars,https://www.amazon.ae/Acer-A515-56-36UT-Display-i3-1115G4-Processor/dp/B08VKT45K4
"Apple 2022 MacBook Air laptop with M2 chip: 13.6-inch Liquid Retina display, 8GB RAM, 512GB SSD storage, 1080p FaceTime HD camera. Works with iPhone and iPad; Space Grey; Arabic/English  ","5,762.",4.7 out of 5 stars,https://www.amazon.ae/Apple-2022-MacBook-laptop-M2/dp/B0B3BRYT29
Amazon Renewed Lenovo Thinkpad X220 Intel Core i5 4GB DDR3 Ram 320GB Hard Drive Windows 10 Pro  ,396.,3.2 out of 5 stars,https://www.amazon.ae/Amazon-Renewed-Lenovo-Thinkpad-Windows/dp/B01GH5UJAM
Dell Latitude 3490 Renewed Business Laptop | Intel Core i5-8th Gen. CPU | 8GB DDR4 RAM | 256GB SSD | 14.1 inch Display | Windows 10 Pro | 15 Days of IT-Sizer Golden Warranty (Renewed)  ,845.,3.6 out of 5 stars,https://www.amazon.ae/Dell-Latitude-Renewed-Business-Warranty/dp/B09RF5XY5Q
"Apple 2022 MacBook Air laptop with M2 chip: 13.6-inch Liquid Retina display, 8GB RAM, 512GB SSD storage, 1080p FaceTime HD camera. Works with iPhone and iPad; Midnight; Arabic/English  ","6,299.",4.7 out of 5 stars,https://www.amazon.ae/Apple-2022-MacBook-laptop-M2/dp/B0B3CC2CVW
"Lenovo ThinkPad X1 Carbon Ultralight Laptop, Intel Core i7-8550U CPU, 16GB DDR4 BUILTIN RAM, 512GB SSD M.2 Hard, 14 inch Display, Windows 10 Pro (Renewed) with 15 Days of IT-SIZER Golden Warranty  ","1,750.",4.1 out of 5 stars,https://www.amazon.ae/Lenovo-ThinkPad-Ultralight-i7-8550U-Warranty/dp/B09HKYD25Z
"Acer Aspire 5 Slim Business Laptop, 15.6 inch FHD IPS Display, 11th Gen Intel Core i3-1115G4 Processor, 12GB RAM, 512GB SSD, WiFi 6, HDMI, Amazon Alexa, Windows 11, Silver  ","1,702.",3.2 out of 5 stars,https://www.amazon.ae/Acer-Aspire-Business-i3-1115G4-Processor/dp/B0BS7138N6
"HP 340 G1 Notebook PC Laptop, Intel Core i5-4th Generation CPU, 8GB DDR3L RAM, 320GB SATA Hard, 14.1 inch Display, Windows 10 Pro (Renewed) with 15 Days of IT-SIZER Golden Warranty  ",709.,4.3 out of 5 stars,https://www.amazon.ae/L210MA-Celeron-Processor-Laptop-11-6-Inch/dp/B081V6W99V
"Asus L210MA Intel Celeron N4020 Processor 4GB/64GB Ultra Thin Laptop, 11.6-Inch Size  ","1,289.",3.7 out of 5 stars,https://www.amazon.ae/HP-15s-fq1019ne-processor-Graphics-Windows/dp/B08CH13QZV
"HP 15s-fq1019ne Laptop, 15 inches HD, 10 Gen Intel® Core™ i3 processor, 4GB RAM, 256GB SSD, Intel UHD Graphics, Windows 10 Home, EN-AR KB, Black - Middle East Version  ",490.,3.8 out of 5 stars,https://www.amazon.ae/Lenovo-IdeaPad-Ultrabook-Graphite-82FE01ARAX/dp/B0B1XTJW48
"HP Probook 640 G2 Business Laptop, Intel Core i5-6300U CPU, 8GB DDR4 RAM, 256GB SSD Hard, 14 inch Display, Windows 10 (Renewed)  ","4,886.",4.3 out of 5 stars,https://www.amazon.ae/HP-Intel-I3-1005G1-3-4Ghz-Laptop/dp/B089T6C53P
"Lenovo IdeaPad 5 14ITL Ultrabook, 14"" FHD Display, Intel Core i7 1165G7, 16GB RAM, 512 GB SSD, NVIDIA GeForce MX450 2GB GDDR6, Win 11, Eng Arb Backlit KB, Graphite Grey 82FE01ARAX, IdeaPad 5 14ITL05  ","1,299.",5.0 out of 5 stars,https://www.amazon.ae/MacB00K-Widescreen-Backlit-Dual-Core-Processor/dp/B0BWGHGQ7L
"HP 15.6"" Hd Intel 10Th Gen I3-1005G1 3.4Ghz 8Gb Ram 256Gb Ssd Win 10 Laptop  ",892.,4.7 out of 5 stars,https://www.amazon.ae/Apple-2022-MacBook-laptop-M2/dp/B0B3BPFYK4
"2014 MacB00K Air 11.6in Widescreen LED Backlit HD Laptop, 4GB RAM, 128GB SSD, Intel Dual-Core i5 1.4GHz Processor, HD Camera, USB 3.0, A1465, Mac OS X (Renewed)  ","6,299.",2.0 out of 5 stars,https://www.amazon.ae/HP-Graphics-Display-Renewed-Warranty/dp/B09FSYK8K4
"Apple 2022 MacBook Air laptop with M2 chip: 13.6-inch Liquid Retina display, 8GB RAM, 512GB SSD storage, 1080p FaceTime HD camera. Works iPhone and iPad; Starlight; Arabic/English  ","1,455.",3.7 out of 5 stars,https://www.amazon.ae/Dell-Latitude-Touchscreen-i7-6600U-Windows/dp/B08YNCX3CQ
"HP Zbook 15 G3 Laptop, Intel Core i7-6th Gen., 16GB DDR4, 512GB SSD + 500GB HDD, Nvidia Quadro M1000M 2GB GDDR5 Graphics, 15.6 inch Display, Win 10 Pro (Renewed) with 15 Days of IT-Sizer Warranty  ",849.,2.0 out of 5 stars,https://www.amazon.ae/Lenovo-Notebook-Processor-Integrated-Graphics/dp/B09G3J9DLH
"Dell Latitude 7480, 14 Inch Touchscreen, Intel Core i7-6600U, 8GB RAM DDR4, 256GB SSD HARD, Windows 10 Pro (Renewed)  ",929.,3.5 out of 5 stars,https://www.amazon.ae/Samsung-Chromebook-Dual-Core-XE303C12-A01US-Renewed/dp/B07NVTDPFT
"Lenovo Notebook V14 IML, i3 1005G1 Processor, 14.0 inch HD Display, 4GB Base DDR4 Memory, 1TB, Integrated Graphics, Win 10 PRO, Grey  ",350.,4.5 out of 5 stars,https://www.amazon.ae/HP-Touchscreen-i3-1005G1-Bluetooth-15-dy1731ms/dp/B082358X13
Samsung 11.6in LED 16GB Chromebook Exynos 5 Dual-Core 1.7GHz 2GB XE303C12-A01US (Renewed)  ,580.,4.4 out of 5 stars,https://www.amazon.ae/Acer-SFX14-41G-R1S6-Creator-LPDDR4X-Backlit/dp/B093TK1PXF
"Dell Latitude 5270 Notebook Business Laptop, Intel Core i7-6th Generation CPU, 8GB DDR4 RAM, 256GB SSD Hard, 12.5 inch Display, Windows 10 Pro (Renewed) with 15 Days of IT-Sizer Golden Warranty  ","1,619.",4.2 out of 5 stars,https://www.amazon.ae/ASUS-Chromebook-Anti-Glare-Dual-Core-C223NA-DH02/dp/B07M9SN277
"New HP 15.6"" HD Touchscreen Laptop Intel Core i3-1005G1 8GB DDR4 RAM 128GB SSD HDMI Bluetooth 802.11/b/g/n/ac Windows 10 15-dy1731ms Silver  ","3,907.",3.0 out of 5 stars,https://www.amazon.ae/Lenovo-ThinkPad-T490s-Touchscreen-Professional/dp/B09MQWK7VF
"Acer Swift X SFX14-41G-R1S6 Creator Laptop | 14"" Full HD 100% sRGB | AMD Ryzen 7 5800U | NVIDIA RTX 3050Ti GPU | 16GB LPDDR4X | 512GB SSD | Wi-Fi 6 | Backlit KB | Amazon Alexa | Windows 10 Home  ",654.,4.3 out of 5 stars,https://www.amazon.ae/Chromebook-Computer-Mediatek-Bluetooth-Renewed/dp/B07Q36QYGW
"ASUS Chromebook C223 Laptop- 11.6"" HD 1366x768 Anti-Glare Display, Intel Dual-Core Celeron N3350 Processor (Up to 2.4GHz) 4GB RAM, 32GB eMMC Storage, Chrome OS, C223NA-DH02 Grey  ","1,856.",,
Lenovo ThinkPad T490s Lightweight Business Laptop | intel Core i5-8th Gen. Processor | 16GB Built-in RAM | 512GB SSD | 14.1 inch Touchscreen | Windows 10 Professional | RENEWED  ,869.,,
"Lenovo Chromebook S330 14in Laptop Computer, Mediatek MT8173C up to 1.7 Ghz, 4GB RAM, 32GB eMMC SSD, Bluetooth, HDMI, USB-C, SD Card Reader, Chrome OS, Black (Renewed)  ",,,
